,,,,,,,,,,,,,,,,,,,,,,,,,
,"1 AD","1 CD","1 ID","2 ID","3 ID","4 ID","10 MTN","25 ID","82 ABN","101 AA","USAREUR","USARPAC","SOCOM","INSCOM","CIDCOM","TRADOC","FORCSCOM","FIRES BDE","SUST BDE","MNVR ENH","AVIATION","MEDCOM","USACE","USAMC","USAIMCOM"
,"6th DSTB","5th DSTB","1st DSTB","2nd DSTB","3rd DSTB","4th DSTB","10th DSTB","25th DSTB","82nd DSTB (A)","101st DSTB (AA)","EUR-TF","PAC-TF","75th RGR REGT (A)","66th MI BDE *EUR)","3rd MP GRP(CID)","ACESSIONS CMD","1st US ARMY","41st FIRES BDE","1st SB","1st MEB","12th CBT AVN BDE",,,,
,"1/1 AD","1/1 CD","1/1 ID","1/2 ID","1/3 ID","1/4 ID","1/0 MTN","1/25 ID","1/82 ABN","1/101 AA ","TSTB EURTF","TSTB PACTF","75th RSTB (A)","1st MI BN","10th MP BN (CID)","ARMY CAP INTEG CTR","I Corps","1-21 FA (MLRS)","541st CSSB","2nd MEB","2-159 AVN (A/R)(AH64)",,,,
,"33rd BSTB","37th BSTB","1st BSTB","5th BSTB","9th BSTB","13th BSTB","17th BSTB","21st BSTB","25th BSTB (A)","29th BSTB (AA)","173rd ABN BCT","3rd ACR","1/75 RGR","2nd MI BN","100th MP BN (CID)","COMB ARMS CTR","III Corps","2-20 FA (MLRS)","68th CSSB","3rd MEB","3-159 AVN (A/R)(AH64)",,,,
,"1-37 AR","1-7 CAV","1-63 AR","2-9 IN","3-69 AR","1-22 IN","1-87 IN","1-5 IN","1-504 PIR","1-327 IN (AA)","173rd BSTB (A)","3 BSTB","2/75 RGR","105th MI BN","FT BENNING DISTR (CID)","COMB ARMS SPT CMD","XVIII Abn Corps","589th BSB","168th BSB","4th MEB","3-158 AVN (ASLT)(UH60)",,,,
,"1-36 AR","2-5 CAV","1-16 IN","1-72 AR","2-7 IN","1-66 AR","2-22 IN","3-21 IN","2-504 PIR","2-327 IN (AA)","1-503 AIR","1/3 ACR","3/75 RGR","302nd MI BN","WASH DISTR (CID)","TRAC ANA CTR","US ARMY RES","75th FIRES BDE","3rd SB",,"5-158 AVN (GS)(UH60/CH47/HH60)",,,,
,"2-3 FA","2-8 CAV","4-4 CAV","4-7 CAV","5-7 CAV","7-10 CAV","1-71 CAV","1-24 IN","3-73 CAV (A)","2-320 FA (AA)","2-503 AIR","2/3 ACR","RTB (A)","116th MI GRP (NSA/CSS)","75th MP DET (CID)","CALL",,"1-17 FA (THW)","87th CSSB","ENGINEER","412th ASB",,,,
,"6-1 CAV","1-82 FA","1-5 FA","1-15 FA","1-41 FA","4-42 FA","3-6 FA","5-1 CAV","3-319 FA (A)","1-32 CAV (AA)","1-91 CAV (A)","3/3 ACR","RSB (A)","300th MI BDE (LANG)","6th MP GRP (CID)",,,"2-18 FA (MLRS)","260th QM BN","18th EN BDE",,,,,
,"501 BSB","115 BSB","101 BSB","302 BSB","3 BSB","4 BSB","10 BSB","2-8 FA","307 BSB (A)","426 BSB (AA)","4-319 FA (A)","4/3 ACR (AVN)","1 SFG (A)","205th MI BDE","202nd MP GRP (CID)",,,"3-13 FA (MLRS)","92nd EN BN","20th EN BDE (A)",,,,,
,"2/1 AD","2/1 CD","2/1 ID","2/2 ID","2/3 ID","2/4 ID","2/10 MTN","25 BSB","2/82 ABN","2/101 AA","173rd BSB (A)","RSS/3 ACR","1 GSTB (SO)(A)","165th MI BN","701st MP GRP (CID)",,,"100th BSB","4th SB","27th EN BN (A)",,,,,
,"34th BSTB","38th BSTB","2nd BSTB","6th BSTB","10th BSTB","14th BSTB","18th BSTB","2/25 ID","26th BSTB","30th BSTB","2nd SCR","11th ACR","1/1 SF (A)","207th MI BDE","USA CIDLAB",,,"212th FIRES BDE","553rd CSSB","37th EN BN (A)",,,,,
,"1-35 AR","4-9 CAV","1-18 IN","2-1 IN","1-64 AR","2-8 IN","2-14 IN","22nd BSTB","1-325 AIR","1-502 IN (AA)","2CR BSTB","11 BSTB","2/1 SF (A)","470th MI BDE (SOUTH)","USA CRIM REC CTR",,,"1-12 FA (MLRS)","7th SB","30th EN BN (A)",,,,,
,"1-6 IN","1-5 CAV","5-4 CAV","1-17 IN","1-30 IN","1-67 AR","4-31 IN","1-14 IN","2-325 AIR","2-502 IN (AA)","1/2 CR (STR)","1/11 ACR (AR)","3/1 SF (A)","204th MI BN",,,,"3-18 FA (SPHW)","6th TRANS","19th EN BN (A)",,,,,
,"1-13 CAV","1-8 CAV","1-7 FA","4-23 IN","3-7 CAV","1-10 CAV","1-89 CAV","1-21 IN","1-73 CAV(A)","1-320 FA (AA)","2/2 CR (STR)","2/11 ACR (IN)","1 GSB (SO)(A)","314th MI BN",,,,"6-32 FA (MLRS)","7th STB","326th EN BN (A)",,,,,
,"4-27 FA","3-82 FA","299 BSB","8-1 CAV","1-9 FA","3-16 FA","2-15 FA","1-27 IN","2-319 FA (A)","1-75 CAV (AA)","3/2 CR (STR)","RSS/11 ACR","3 SFG (A)","377th MI BN",,,,"212th BSB","10th TRANS","7th EN BN (A)",,,,,
,"47 BSB","2 BSB","3/1 ID","2-17 FA","26 BSB","204 BSB","210 BSB","2-14 CAV","407 BSB","526 BSB (AA)","4/2 CR (RSTA)",,"3 GSTB (SO)(A)","201st MI BN",,,,"214th FIRES BDE","11th TRANS","36th EN BDE",,,,,
,"3/1 AD","3/1 CD","3rd BSTB","2 BSB","3/3 ID","3/4 ID","3/10 MTN","2-11 FA","3/82 ABN","3/101 AA","FIRES/2CR",,"1/3 SF (A)","500th MI BDE (PAC)",,,,"2-4 FA (MLRS)","24th TRANS","8th EN BN",,,,,
,"35th BSTB","39th BSTB","2-2 IN","3/2 ID","11th BSTB","15th BSTB","19th BSTB","225 BSB","27th BSTB (A)","31st BSTB","RSS/2CR",,"2/3 SF (A)","501st MI BDE (KOR)",,,,"2-5 FA (SPHW)","10th SB","20th EN BN",,,,,
,"2-70 AR","6-9 CAV","1-26 IN","7th BSTB","2-69 AR","1-8 IN","1-32 IN","3/25 ID","1-505 PIR","1-187 IN (AA)","170th IN BDE",,"3/3 SF (A)","368th MI BN",,,,"1-14 FA (HIMARS)","548th CSSB","62nd EN BN",,,,,
,"1-41 IN","3-8 CAV","6-4 CAV","2-3 IN","3-15 IN","1-68 AR","2-87 IN","23rd BSTB","2-505 PIR","2-187 in (AA)","170th BSTB",,"3 GSB (SO)(A)","524th MI BN",,,,"168th BSB","15th SB","11th EN BN",,,,,
,"1-1 CAV","1-12 CAV","1-6 FA","5-20 IN","3-1 CAV","4-10 CAV","3-71 CAV","2-27 IN","5-73 CAV","3-187 IN (AA)","4-70 AR",,"5 SFG (A)","527th MI BN",,,,"18th FIRES BDE (AA)","49th TRANS","130th EN BDE",,,,,
,"4-1 FA","2-82 FA","201 BSB","1-23 IN","1-10 FA","3-29 FA","4-25 FA","2-35 IN","1-319 FA (A)","3-320 FA (AA)","2-18 IN",,"5 GSTB (SO)(A)","532nd MI BN",,,,"1-321 FA (M777)(A)","180th TRANS","54th EN BN",,,,,
,"125 BSB","215 BSB","4/1 ID","1-14 CAV","203 BSB","64 BSB","710 BSB","3-4 CAV","82 BSB","1-33 CAV (AA)","3-4 IN",,"1/5 SF (A)","3rd MI BN",,,,"2-321 FA (M777)(A)","16th SB","94th EN BN",,,,,
,"4/1 AD","4/1 CD","4th BSTB","1-37 FA","4/3 ID","4/4 ID","4/10 MTN","3-7 FA","27th BSB (A)","626 BSB (AA)","1-84 FA",,"2/5 SF (A)","513th MI BDE (CENT)",,,,"3-321 FA (M777)(A)","391st CSSB","565th EN BN",,,,,
,"36th BSTB","40th BSTB","2-16 IN","296 BSB","12th BSTB","16th BSTB","20th BSTB","325 BSB","4/82 ABN","4/101 AA","40th EN",,"3/5 SF (A)","202nd MI BN",,,,"3-27 FA (HIMARS)(A)","18th CSSB","65th EN BN",,,,,
,"2-34 AR","1-9 CAV","1-28 IN","4/2 ID","4-64 AR","1-12 IN","2-4 IN","4/25 ID (A)","28th BSTB (A)","32nd BSTB","24th BSB",,"5 GSB (SO)(A)","297th MI BN",,,,"188th BSB (AA)","43rd SB","84th EN BN",,,,,
,"2-6 IN","2-7 CAV","1-4 CAV","8th BSTB","3-7 IN","2-12 IN","2-30 IN","24th BSTB (A)","1-508 PIR","1-506 IN (AA)","172nd IN BDE",,"7 SFG (A)","650th MI BDE (EUR/NATO)",,,,"17th FIRES BDE (AA)","68th CSSB*","555th MEB",,,,,
,"2-13 CAV","2-12 CAV","2-32 FA","4-9 IN","6-8 CAV","3-61 CAV","3-89 CAV","1-501 IN (A)","2-508 PIR","2-506 IN (AA)","172nd BSTB",,"7 GSTB (SO)(A)","704th MI BDE",,,,"5-3 FA (HIMARS) (AA)","45th SB","1st EN BN",,,,,
,"2-29 FA","5-82 FA","701 BSB","2-23 IN","1-76 FA","2-77 FA","5-25 FA","3-509 IN (A)","4-73 CAV (A)","1-61 CAV (AA)","3-66 AR",,"1/7 SF (A)","741st MI BN",,,,"3-94 FA (HIMARS) (AA)","82nd SB","4th EN BN",,,,,
,"121 BSB","27 BSB","1st AVN BDE","1-38 IN","703 BSB","704 BSB","94 BSB","1-40 CAV (A)","2-321 FA (A)","4-320 FA (AA)","1-2 IN",,"2/7 SF (A)","742nd MI BN",,,,"1-377 FA (HIMARS) (AA) ","264th CSSB","5th EN BN",,,,,
,"6th AVN BDE","5th AVN BDE","43rd BSTB","2-1 CAV","3rd AVN BDE","4th AVN BDE","10th AVN BDE","2-377 FA (A)","782 BSB","801 BSB (AA)","2-28 IN",,"3/7 SF (A)","743rd MI BN",,,,"308th BSB (AA)","101st SB","14th EN BN",,,,,
,"41st BSTB","42nd BSTB","1-1 AVN (ASLT)","2-12 FA","45th BSTB","46th BSTB","47th BSTB","725 BSB (A)","82nd AVN BDE (A)","101st AVN BDE (AA)","1-77 FA",,"7 GSB (SO)(A)","902nd MI BDE (USA)",,,,,"129th CSSB","94th EN BN",,,,,
,"1-501 AVN (ASLT)","1-227 AVN (ASLT)","2-1 AVN (ATK)","702 BSB","1-3 AVN (ASLT)","1-4 AVN (ASLT)","1-10 AVN (ASLT)","25th AVN BDE","49th BSTB (A)","50th BSTB (AA)","9th EN BN",,"10 SFG (A)","1st IO CMD (LND)",,,,,"501st SB","864th EN BN",,,,,
,"2-501 AVN (ATK)","2-227 AVN (ATK)","3-1 AVN (LFT)","2nd AVN BDE","2-3 AVN (ATK)","2-4 AVN (ATK)","2-10 AVN (ATK)","48th BSTB","1-82 AVN (ASLT)(A)","1-101 AVN (ASLT)(AA)","172nd BSB",,"10 GSTB (SO)(A)","AOA",,,,,"194th CSSB",,,,,,
,"3-501 AVN (LFT)","3-227 AVN (LFT)","1-6 CAV (ISR/SPEC)","44th BSTB","3-3 AVN (LFT)","3-4 AVN (LFT)","3-10 AVN (LFT)","2-6 CAV (ASLT)","2-17 CAV (ATK)(A)","2-101 AVN (ATK)(AA)",,,"1/10 SF (A)","CCF",,,,,"498th CSSB","MP BDE",,,,,
,"4-501 AVN (ISR/SPEC)","4-227 AVN (ISR/SPEC)","601th ASB","1-2 AVN (ASLT)","4-3 AVN (ISR/SPEC)","4-4 AVN (ISR/SPEC)","6-6 CAV (ISR/SPEC)","2-25 AVN (ATK)","3-82 AVN (LFT)(A)","3-101 AVN (LFT)(AA)",,,"2/10 SF (A)","JSTARS",,,,,"507th SB","8th MP BDE",,,,,
,"127th ASB","615th ASB",,"2-2 AVN (ATK)","3-17 CAV","4th ASB","277th ASB","3-25 AVN (LFT)","4-82 AVN (ISR/SPEC)(A)","4-101 AVN (ISR/SPEC)(AA)",,,"3/10 SF (A)","NGIC",,,,,"593rd SB","793rd MP BN",,,,,
,"5/1 AD",,,"3-2 AVN (LFT)","603th ASB",,,"6-17 CAV (ISR/SPEC)","122nd ASB","5-101 AVN (LFT) (AA)",,,"10 GSB (SO)(A)","201st BFSB",,,,,"80th ORD","42nd MP BDE",,,,,
,"51 BSTB",,,"4-2 AVN (ISR/SPEC)",,,,"209th ASB",,"6-101 AVN (ASLT) (AA)",,,"160 SOAR","109th MI BN",,,,,"57th TRANS","504th MP BN",,,,,
,"AR BN",,,"602th ASB",,,,,,"2-17 CAV",,,"160 RSTB (A)","250th MI BN",,,,,,"508th MP BN",,,,,
,"IN BN",,,,,,,,,"96th ASB",,,"1-160 AVN (A)","502nd MI BN",,,,,,"89th MP BDE",,,,,
,"CAV SQ",,,,,,,,,"7-17 CAV",,,"2-160 AVN (A)","504th BFSB",,,,,,"720th MP BN",,,,,
,"FA BN",,,,,,,,,"563rd ASB",,,"3-160 AVN (A)","15th MI BN",,,,,,"92nd MP BN",,,,,
,"BSB",,,,,,,,,,,,"4-160 AVN (A)","163rd MI BN",,,,,,"93rd MP BN",,,,,
,"6/1 AD",,,,,,,,,,,,"160 RSB (A)","303rd MI BN",,,,,,"97th MP BN",,,,,
,,,,,,,,,,,,,"4th PSYOP BDE (A)","525th BFSB",,,,,,,,,,,
,,,,,,,,,,,,,"4 PSY BSTB","319th MI BN",,,,,,,,,,,
,,,,,,,,,,,,,"1st PSY BN (A) (SOU)","519th MI BN",,,,,,,,,,,
,,,,,,,,,,,,,"3rd PSY BN (A) (DISSEM)","1-38 CAV (RSTA)",,,,,,,,,,,
,,,,,,,,,,,,,"5th PSY BN (A) (PAC)",,,,,,,,,,,,
,,,,,,,,,,,,,"6th PSY BN (A) (EUR)",,,,,,,,,,,,
,,,,,,,,,,,,,"8th PSY BN (A) (CENT)",,,,,,,,,,,,
,,,,,,,,,,,,,"9th PSY BN (A) (TAC)",,,,,,,,,,,,
,,,,,,,,,,,,,"95th CA BDE",,,,,,,,,,,,
,,,,,,,,,,,,,"96th CA BN (A) (CENT)",,,,,,,,,,,,
,,,,,,,,,,,,,"98th CA BN (A) (SOUTH)",,,,,,,,,,,,
,,,,,,,,,,,,,"97th CA BN (A) (PAC)",,,,,,,,,,,,
,,,,,,,,,,,,,"91st CA BN (A) (AFRI)",,,,,,,,,,,,
,,,,,,,,,,,,,"SOSC",,,,,,,,,,,,
,,,,,,,,,,,,,"SOTSE-SOUTH",,,,,,,,,,,,
,,,,,,,,,,,,,"SOTSE-EUR",,,,,,,,,,,,
,,,,,,,,,,,,,"SOTSE-CENT",,,,,,,,,,,,
,,,,,,,,,,,,,"SOTSE-PAC",,,,,,,,,,,,
,,,,,,,,,,,,,"SOTSE-AFRI",,,,,,,,,,,,
,,,,,,,,,,,,,"SOC-MMC",,,,,,,,,,,,
,,,,,,,,,,,,,"528th SPT BN (SO)(A)",,,,,,,,,,,,
,,,,,,,,,,,,,"112th SIG BN (SO)(A)",,,,,,,,,,,,
